gamma_phi,sequence,final_coherence
0.02,Free,0.12629040572983663
0.02,HahnEcho,0.8187307530780137
0.02,CPMG-4,0.818730753078012
0.02,CPMG-8,0.12629040572983663
0.05,Free,0.0935582336619507
0.05,HahnEcho,0.6065306597126621
0.05,CPMG-4,0.6065306597126621
0.05,CPMG-8,0.0935582336619507
0.1,Free,0.056745937184531706
0.1,HahnEcho,0.3678794411714635
0.1,CPMG-4,0.367879441171464
0.1,CPMG-8,0.056745937184531706
0.15,Free,0.03441815071654484
0.15,HahnEcho,0.22313016014843834
0.15,CPMG-4,0.2231301601484385
0.15,CPMG-8,0.03441815071654484
0.2,Free,0.020875663660194953
0.2,HahnEcho,0.13533528323661828
0.2,CPMG-4,0.13533528323661762
0.2,CPMG-8,0.020875663660194953
0.3,Free,0.007679727481395634
0.3,HahnEcho,0.04978706836786655
0.3,CPMG-4,0.049787068367866665
0.3,CPMG-8,0.007679727481395634
